{
  "input_sentence": "I love dogs",
  "token_ids": [
    0,
    1,
    4
  ],
  "input_embeddings": [
    [
      -0.1351504166641859,
      0.8977120112840647,
      0.4091500828638605,
      2.4157304905708687
    ],
    [
      -1.7843402108806101,
      -0.5431598426301746,
      0.38133920556937345,
      -0.6625390780145876
    ],
    [
      -0.6090261440722985,
      1.9051662505008176,
      0.5749103417023408,
      -0.7435750649543287
    ]
  ],
  "shape": [
    3,
    4
  ]
}