{
  "input_sentence": "I love dogs",
  "token_ids": [
    0,
    1,
    4
  ],
  "input_embeddings": [
    [
      1.6475981299402402,
      -0.29255391366760797,
      0.8148199737865933,
      0.6351567584662638
    ],
    [
      0.2561430322728584,
      -1.8116054627069356,
      -0.9979176016154807,
      0.35506396766825166
    ],
    [
      -0.24322871256809356,
      -1.9258391453242487,
      0.8261094524833004,
      1.2323441336893215
    ]
  ],
  "shape": [
    3,
    4
  ]
}