{
  "input_sentence": "I love AI",
  "token_ids": [
    0,
    1,
    2
  ],
  "input_embeddings": [
    [
      0.5150448045126242,
      -1.0285103269113507,
      -0.6362575452185716,
      -1.0952469800294058
    ],
    [
      0.06375577558125585,
      0.986055330959516,
      -1.4477597025482782,
      0.22940050328684064
    ],
    [
      -0.41324346051637006,
      0.5085533289686666,
      0.16690847086758093,
      0.12126546450375227
    ]
  ],
  "shape": [
    3,
    4
  ]
}