{
  "sentence1": {
    "input_sentence": "I love dogs",
    "token_ids": [
      0,
      1,
      4
    ],
    "token_embeddings": [
      [
        0.4967141530112327,
        -0.13826430117118466,
        0.6476885381006925,
        1.5230298564080254
      ],
      [
        -0.23415337472333597,
        -0.23413695694918055,
        1.5792128155073915,
        0.7674347291529088
      ],
      [
        -1.0128311203344238,
        0.3142473325952739,
        -0.9080240755212109,
        -1.4123037013352915
      ]
    ],
    "weights_used": [
      0.1,
      0.2,
      0.7
    ],
    "weighted_embedding": [
      -0.7061410438776405,
      0.15931931130973712,
      -0.25500543595330005,
      -0.6828226594633197
    ],
    "shape": [
      3,
      4
    ]
  },
  "sentence2": {
    "input_sentence": "dogs love I",
    "token_ids": [
      4,
      1,
      0
    ],
    "token_embeddings": [
      [
        -1.0128311203344238,
        0.3142473325952739,
        -0.9080240755212109,
        -1.4123037013352915
      ],
      [
        -0.23415337472333597,
        -0.23413695694918055,
        1.5792128155073915,
        0.7674347291529088
      ],
      [
        0.4967141530112327,
        -0.13826430117118466,
        0.6476885381006925,
        1.5230298564080254
      ]
    ],
    "weights_used": [
      0.1,
      0.2,
      0.7
    ],
    "weighted_embedding": [
      0.1995861201297533,
      -0.11218766895013797,
      0.6784221322198418,
      1.0783774751826702
    ],
    "shape": [
      3,
      4
    ]
  }
}