{
  "sentence": "I love dogs",
  "token_ids": [
    0,
    1,
    4
  ],
  "embeddings": [
    [
      0.4967141530112327,
      -0.13826430117118466,
      0.6476885381006925,
      1.5230298564080254
    ],
    [
      -0.23415337472333597,
      -0.23413695694918055,
      1.5792128155073915,
      0.7674347291529088
    ],
    [
      -1.0128311203344238,
      0.3142473325952739,
      -0.9080240755212109,
      -1.4123037013352915
    ]
  ],
  "attention_results": [
    {
      "target_word": "I",
      "raw_scores": [
        3.507230520412801,
        0.4778833602555461,
        -3.6471938913721935
      ],
      "attention_weights": [
        0.9531720034541744,
        0.046083188714276725,
        0.0007448078315488039
      ],
      "context_vector": [
        0.6838444044452413,
        2.213954221385974,
        -0.44070533490661934,
        0.9578422151350726
      ]
    },
    {
      "target_word": "love",
      "raw_scores": [
        3.1175499530338073,
        4.2028368458047085,
        -4.577220276168797
      ],
      "attention_weights": [
        0.2524778055697791,
        0.7474072661370891,
        0.00011492829313178085
      ],
      "context_vector": [
        0.3442571193220455,
        1.08422457133637,
        -1.6763843916152632,
        -0.8970829715511661
      ]
    },
    {
      "target_word": "dogs",
      "raw_scores": [
        -3.5336030025866485,
        0.3513785851456678,
        3.5281508475996546
      ],
      "attention_weights": [
        0.000822263429304443,
        0.04001631020270439,
        0.9591614263679912
      ],
      "context_vector": [
        -0.2692217860206355,
        -2.3339590132473016,
        0.07417837412831728,
        -0.9900053417626503
      ]
    }
  ]
}