{
  "sentence": "I love dogs",
  "token_ids": [
    0,
    1,
    4
  ],
  "embeddings": [
    [
      0.4967141530112327,
      -0.13826430117118466,
      0.6476885381006925,
      1.5230298564080254
    ],
    [
      -0.23415337472333597,
      -0.23413695694918055,
      1.5792128155073915,
      0.7674347291529088
    ],
    [
      -1.0128311203344238,
      0.3142473325952739,
      -0.9080240755212109,
      -1.4123037013352915
    ]
  ],
  "attention_results": [
    {
      "target_word": "I",
      "raw_scores": [
        0.6,
        0.3,
        0.1
      ],
      "attention_weights": [
        0.6000000000000001,
        0.30000000000000004,
        0.10000000000000002
      ],
      "context_vector": [
        0.12649936735629644,
        -0.12177493452793757,
        0.7715745599605119,
        1.002817962457159
      ]
    },
    {
      "target_word": "love",
      "raw_scores": [
        0.2,
        0.5,
        0.3
      ],
      "attention_weights": [
        0.2,
        0.5,
        0.3
      ],
      "context_vector": [
        -0.32158319285974857,
        -0.050447138930245036,
        0.646736892717471,
        0.26463222545747206
      ]
    },
    {
      "target_word": "dogs",
      "raw_scores": [
        0.1,
        0.7,
        0.2
      ],
      "attention_weights": [
        0.1,
        0.7,
        0.2
      ],
      "context_vector": [
        -0.3168021710720967,
        -0.11487283346249004,
        0.9886130095610011,
        0.40704655578078036
      ]
    }
  ]
}