{
  "sentence": "code compiles correctly",
  "token_ids": [
    23,
    24,
    25
  ],
  "embeddings": [
    [
      -0.2234627853258509,
      0.714000494092092,
      0.47323762457354485,
      -0.07282891265687277,
      -0.846793718068405,
      -1.5148472246858646,
      -0.4465149520670211,
      0.8563987943234723
    ],
    [
      0.21409374413020396,
      -1.245738778711988,
      0.173180925851182,
      0.3853173797288368,
      -0.883857436201133,
      0.1537251059455279,
      0.058208718445999896,
      -1.142970297830623
    ],
    [
      0.3577873603482833,
      0.5607845263682344,
      1.083051243175277,
      1.053802052034903,
      -1.377669367957091,
      -0.9378250399151228,
      0.5150352672086598,
      0.5137859509122088
    ]
  ],
  "attention_results": [
    {
      "target_word": "code",
      "raw_scores": [
        [
          4.710546927902114,
          2.7782503861928696,
          -4.52372892274496
        ],
        [
          7.967617973067064,
          -21.412049079265206,
          -9.172510490467122
        ],
        [
          0.23992618765884194,
          -3.8485857397724086,
          5.13211517213956
        ],
        [
          0.8368656203518451,
          -0.2863765568936674,
          13.214910579731331
        ]
      ],
      "scaled_scores": [
        [
          3.3308596758170435,
          1.9645196879111224,
          -3.1987593975226765
        ],
        [
          5.633956698659535,
          -15.140605103047598,
          -6.485944368314047
        ],
        [
          0.16965343427780327,
          -2.7213610745709156,
          3.6289534400502483
        ],
        [
          0.5917533550926765,
          -0.20249880535236736,
          9.344352883701873
        ]
      ],
      "masked_scores": [
        [
          3.3308596758170435,
          -Infinity,
          -Infinity
        ],
        [
          5.633956698659535,
          -Infinity,
          -Infinity
        ],
        [
          0.16965343427780327,
          -Infinity,
          -Infinity
        ],
        [
          0.5917533550926765,
          -Infinity,
          -Infinity
        ]
      ],
      "multi_head_output": [
        [
          -1.9796263641826404,
          1.9283356118332942,
          -3.6077860633062553,
          -1.8194424200811175,
          -2.2365312069389374,
          1.1984944803460995,
          2.0007893594317157,
          3.0609328674454543
        ],
        [
          2.2019196497172793,
          -1.1176084443935328,
          0.829337206557212,
          1.6912219199639833,
          0.5248553413241454,
          -1.4082810127471217,
          -0.6225742163986516,
          -0.5226312400190941
        ],
        [
          0.5320067760095594,
          1.1167010083910165,
          -2.11169212984192,
          -0.8605599365653696,
          -1.8181432551873706,
          -0.29244255351731846,
          -0.9713037922778488,
          0.1742645008335694
        ]
      ],
      "attention_weights": [
        [
          1.0,
          0.0,
          0.0
        ],
        [
          1.0,
          0.0,
          0.0
        ],
        [
          1.0,
          0.0,
          0.0
        ],
        [
          1.0,
          0.0,
          0.0
        ]
      ],
      "context_vector": [
        [
          -1.9796263641826404,
          1.9283356118332942
        ],
        [
          -3.6077860633062553,
          -1.8194424200811175
        ],
        [
          -2.2365312069389374,
          1.1984944803460995
        ],
        [
          2.0007893594317157,
          3.0609328674454543
        ]
      ]
    },
    {
      "target_word": "compiles",
      "raw_scores": [
        [
          -4.3593186633386924,
          -3.981235091653726,
          2.474984337514732
        ],
        [
          -1.7518023992020613,
          6.984417034652181,
          3.3247322493347924
        ],
        [
          -1.1161096453621941,
          15.293811483320109,
          -0.3910080542089551
        ],
        [
          -4.992081474458403,
          -6.085972204565606,
          -11.024939489934306
        ]
      ],
      "scaled_scores": [
        [
          -3.0825037881998654,
          -2.815158330806195,
          1.7500782083871615
        ],
        [
          -1.2387113557746408,
          4.938728647837395,
          2.350940719134235
        ],
        [
          -0.7892086987833201,
          10.81435781004434,
          -0.27648444662970934
        ],
        [
          -3.5299346628252755,
          -4.303432215961182,
          -7.795809475503904
        ]
      ],
      "masked_scores": [
        [
          -3.0825037881998654,
          -2.815158330806195,
          -Infinity
        ],
        [
          -1.2387113557746408,
          4.938728647837395,
          -Infinity
        ],
        [
          -0.7892086987833201,
          10.81435781004434,
          -Infinity
        ],
        [
          -3.5299346628252755,
          -4.303432215961182,
          -Infinity
        ]
      ],
      "multi_head_output": [
        [
          -1.9796263641826404,
          1.9283356118332942,
          -3.6077860633062553,
          -1.8194424200811175,
          -2.2365312069389374,
          1.1984944803460995,
          2.0007893594317157,
          3.0609328674454543
        ],
        [
          2.2019196497172793,
          -1.1176084443935328,
          0.829337206557212,
          1.6912219199639833,
          0.5248553413241454,
          -1.4082810127471217,
          -0.6225742163986516,
          -0.5226312400190941
        ],
        [
          0.5320067760095594,
          1.1167010083910165,
          -2.11169212984192,
          -0.8605599365653696,
          -1.8181432551873706,
          -0.29244255351731846,
          -0.9713037922778488,
          0.1742645008335694
        ]
      ],
      "attention_weights": [
        [
          0.01631323859365823,
          0.9836867614063417,
          0.0
        ],
        [
          0.0010346384587564086,
          0.9989653615412436,
          0.0
        ],
        [
          0.27710607262340764,
          0.7228939273765924,
          0.0
        ],
        [
          0.3961505553819936,
          0.6038494446180064,
          0.0
        ]
      ],
      "context_vector": [
        [
          2.2019196497172793,
          -1.1176084443935328
        ],
        [
          0.829337206557212,
          1.6912219199639833
        ],
        [
          0.5248553413241454,
          -1.4082810127471217
        ],
        [
          -0.6225742163986516,
          -0.5226312400190942
        ]
      ]
    },
    {
      "target_word": "correctly",
      "raw_scores": [
        [
          0.17952211886100722,
          -0.7086983646064015,
          -1.161035796009831
        ],
        [
          0.32736455695489725,
          -19.41087658016062,
          -11.02364813200042
        ],
        [
          -0.5662930167624779,
          7.140285489983478,
          5.376841620768813
        ],
        [
          -0.6353575842855986,
          -0.8531593639334721,
          -0.7195949761478148
        ]
      ],
      "scaled_scores": [
        [
          0.1269413076195956,
          -0.5011254194290028,
          -0.8209762845588725
        ],
        [
          0.2314816981429376,
          -13.725562458606714,
          -7.794896347551913
        ],
        [
          -0.4004296322913353,
          5.0489442895752275,
          3.8020011714116944
        ],
        [
          -0.44926565632665016,
          -0.6032747716701597,
          -0.5088304873418917
        ]
      ],